{"cameraMode":{"drawMode":0,"name":"Shaded","section":"Shading Mode"},"sceneLighting":false,"audioPlay":false,"sceneViewState":{"m_AlwaysRefresh":false,"showFog":true,"showSkybox":false,"showFlares":true,"showImageEffects":true,"showParticleSystems":true,"showVisualEffectGraphs":true,"m_FxEnabled":true},"in2DMode":false,"pivot":{"x":-43.374629974365237,"y":-15.030546188354493,"z":39.335113525390628},"rotation":{"x":-0.16498906910419465,"y":-0.44671615958213808,"z":0.08420474827289581,"w":-0.8752952218055725},"size":0.8660253882408142,"orthographic":false}